<order xmlns="urn:oms.order" xmlns:xsi="http://www.w3.org/2001/XMLSchema-instance" xsi:schemaLocation="urn:oms.order order-v5.0.xsd"><shoes><productGroupe>SHOES</productGroupe><contactPerson>ARtemy</contactPerson><releaseMethodType>FR</releaseMethodType><createMethodType>fe</createMethodType><contractNumber>123425</contractNumber><contractDate>2020-02-05</contractDate><products><product><gtin>4670033581317</gtin><quantity>30</quantity><serialNumberType>OPERATOR</serialNumberType><templateId>1</templateId></product><product><gtin>4670033581324</gtin><quantity>30</quantity><serialNumberType>OPERATOR</serialNumberType><templateId>1</templateId></product><product><gtin>4670033581331</gtin><quantity>30</quantity><serialNumberType>OPERATOR</serialNumberType><templateId>1</templateId></product><product><gtin>4670033581348</gtin><quantity>30</quantity><serialNumberType>OPERATOR</serialNumberType><templateId>1</templateId></product><product><gtin>4670033581355</gtin><quantity>30</quantity><serialNumberType>OPERATOR</serialNumberType><templateId>1</templateId></product><product><gtin>4670033581362</gtin><quantity>30</quantity><serialNumberType>OPERATOR</serialNumberType><templateId>1</templateId></product><product><gtin>4670033581379</gtin><quantity>30</quantity><serialNumberType>OPERATOR</serialNumberType><templateId>1</templateId></product><product><gtin>4670033581386</gtin><quantity>80</quantity><serialNumberType>OPERATOR</serialNumberType><templateId>1</templateId></product><product><gtin>4670033581393</gtin><quantity>80</quantity><serialNumberType>OPERATOR</serialNumberType><templateId>1</templateId></product><product><gtin>4670033581409</gtin><quantity>80</quantity><serialNumberType>OPERATOR</serialNumberType><templateId>1</templateId></product></products></shoes></order>