<order xmlns="urn:oms.order" xmlns:xsi="http://www.w3.org/2001/XMLSchema-instance" xsi:schemaLocation="urn:oms.order order-v5.0.xsd"><shoes><productGroupe>shoes</productGroupe><contactPerson>123</contactPerson><releaseMethodType>remains</releaseMethodType><createMethodType>self_made</createMethodType><contractNumber>123</contractNumber><contractDate>2020-01-01</contractDate><products><product><gtin>4670033581614</gtin><quantity>30</quantity><serialNumberType>OPERATOR</serialNumberType><templateId>1</templateId></product><product><gtin>4670033581621</gtin><quantity>30</quantity><serialNumberType>OPERATOR</serialNumberType><templateId>1</templateId></product><product><gtin>4670033581638</gtin><quantity>30</quantity><serialNumberType>OPERATOR</serialNumberType><templateId>1</templateId></product><product><gtin>4670033581645</gtin><quantity>30</quantity><serialNumberType>OPERATOR</serialNumberType><templateId>1</templateId></product><product><gtin>4670033581652</gtin><quantity>30</quantity><serialNumberType>OPERATOR</serialNumberType><templateId>1</templateId></product><product><gtin>4670033581669</gtin><quantity>30</quantity><serialNumberType>OPERATOR</serialNumberType><templateId>1</templateId></product><product><gtin>4670033581676</gtin><quantity>30</quantity><serialNumberType>OPERATOR</serialNumberType><templateId>1</templateId></product><product><gtin>4670033581683</gtin><quantity>30</quantity><serialNumberType>OPERATOR</serialNumberType><templateId>1</templateId></product><product><gtin>4670033581690</gtin><quantity>30</quantity><serialNumberType>OPERATOR</serialNumberType><templateId>1</templateId></product><product><gtin>4670033581706</gtin><quantity>50</quantity><serialNumberType>OPERATOR</serialNumberType><templateId>1</templateId></product></products></shoes></order>