<order xmlns="urn:oms.order" xmlns:xsi="http://www.w3.org/2001/XMLSchema-instance" xsi:schemaLocation="urn:oms.order order-v5.0.xsd"><shoes><productGroupe>shoes</productGroupe><contactPerson>123</contactPerson><releaseMethodType>remains</releaseMethodType><createMethodType>self_made</createMethodType><contractNumber>123</contractNumber><contractDate>2020-01-01</contractDate><products><product><gtin>4670033580310</gtin><quantity>50</quantity><serialNumberType>OPERATOR</serialNumberType><templateId>1</templateId></product><product><gtin>4670033580327</gtin><quantity>50</quantity><serialNumberType>OPERATOR</serialNumberType><templateId>1</templateId></product><product><gtin>4670033580334</gtin><quantity>50</quantity><serialNumberType>OPERATOR</serialNumberType><templateId>1</templateId></product><product><gtin>4670033580341</gtin><quantity>50</quantity><serialNumberType>OPERATOR</serialNumberType><templateId>1</templateId></product><product><gtin>4670033580358</gtin><quantity>50</quantity><serialNumberType>OPERATOR</serialNumberType><templateId>1</templateId></product><product><gtin>4670033580365</gtin><quantity>50</quantity><serialNumberType>OPERATOR</serialNumberType><templateId>1</templateId></product><product><gtin>4670033580372</gtin><quantity>50</quantity><serialNumberType>OPERATOR</serialNumberType><templateId>1</templateId></product><product><gtin>4670033580389</gtin><quantity>60</quantity><serialNumberType>OPERATOR</serialNumberType><templateId>1</templateId></product><product><gtin>4670033580396</gtin><quantity>60</quantity><serialNumberType>OPERATOR</serialNumberType><templateId>1</templateId></product><product><gtin>4670033580402</gtin><quantity>60</quantity><serialNumberType>OPERATOR</serialNumberType><templateId>1</templateId></product></products></shoes></order>