<order xmlns="urn:oms.order" xmlns:xsi="http://www.w3.org/2001/XMLSchema-instance" xsi:schemaLocation="urn:oms.order order-v5.0.xsd"><shoes><productGroupe>shoes</productGroupe><contactPerson>123</contactPerson><releaseMethodType>remains</releaseMethodType><createMethodType>self_made</createMethodType><contractNumber>123</contractNumber><contractDate>2020-01-01</contractDate><products><product><gtin>4670033581911</gtin><quantity>50</quantity><serialNumberType>OPERATOR</serialNumberType><templateId>1</templateId></product><product><gtin>4670033581928</gtin><quantity>50</quantity><serialNumberType>OPERATOR</serialNumberType><templateId>1</templateId></product><product><gtin>4670033581935</gtin><quantity>50</quantity><serialNumberType>OPERATOR</serialNumberType><templateId>1</templateId></product><product><gtin>4670033581942</gtin><quantity>50</quantity><serialNumberType>OPERATOR</serialNumberType><templateId>1</templateId></product><product><gtin>4670033581959</gtin><quantity>50</quantity><serialNumberType>OPERATOR</serialNumberType><templateId>1</templateId></product><product><gtin>4670033581966</gtin><quantity>50</quantity><serialNumberType>OPERATOR</serialNumberType><templateId>1</templateId></product><product><gtin>4670033581973</gtin><quantity>50</quantity><serialNumberType>OPERATOR</serialNumberType><templateId>1</templateId></product><product><gtin>4670033581980</gtin><quantity>50</quantity><serialNumberType>OPERATOR</serialNumberType><templateId>1</templateId></product><product><gtin>4670033581997</gtin><quantity>20</quantity><serialNumberType>OPERATOR</serialNumberType><templateId>1</templateId></product><product><gtin>4670033582000</gtin><quantity>20</quantity><serialNumberType>OPERATOR</serialNumberType><templateId>1</templateId></product></products></shoes></order>