<order xmlns="urn:oms.order" xmlns:xsi="http://www.w3.org/2001/XMLSchema-instance" xsi:schemaLocation="urn:oms.order order-v5.0.xsd"><shoes><productGroupe>shoes</productGroupe><contactPerson>123</contactPerson><releaseMethodType>remains</releaseMethodType><createMethodType>self_made</createMethodType><contractNumber>123</contractNumber><contractDate>2020-01-01</contractDate><products><product><gtin>4670033580815</gtin><quantity>20</quantity><serialNumberType>OPERATOR</serialNumberType><templateId>1</templateId></product><product><gtin>4670033580822</gtin><quantity>20</quantity><serialNumberType>OPERATOR</serialNumberType><templateId>1</templateId></product><product><gtin>4670033580839</gtin><quantity>20</quantity><serialNumberType>OPERATOR</serialNumberType><templateId>1</templateId></product><product><gtin>4670033580846</gtin><quantity>20</quantity><serialNumberType>OPERATOR</serialNumberType><templateId>1</templateId></product><product><gtin>4670033580853</gtin><quantity>20</quantity><serialNumberType>OPERATOR</serialNumberType><templateId>1</templateId></product><product><gtin>4670033580860</gtin><quantity>20</quantity><serialNumberType>OPERATOR</serialNumberType><templateId>1</templateId></product><product><gtin>4670033580877</gtin><quantity>20</quantity><serialNumberType>OPERATOR</serialNumberType><templateId>1</templateId></product><product><gtin>4670033580884</gtin><quantity>20</quantity><serialNumberType>OPERATOR</serialNumberType><templateId>1</templateId></product><product><gtin>4670033580891</gtin><quantity>20</quantity><serialNumberType>OPERATOR</serialNumberType><templateId>1</templateId></product><product><gtin>4670033580907</gtin><quantity>30</quantity><serialNumberType>OPERATOR</serialNumberType><templateId>1</templateId></product></products></shoes></order>