<order xmlns="urn:oms.order" xmlns:xsi="http://www.w3.org/2001/XMLSchema-instance" xsi:schemaLocation="urn:oms.order order-v5.0.xsd"><shoes><productGroupe>shoes</productGroupe><contactPerson>SERGEY PONOMAREV</contactPerson><releaseMethodType>REMAINS</releaseMethodType><createMethodType>SELF_MADE</createMethodType><contractNumber>12563</contractNumber><contractDate>2020-03-17</contractDate><products><product><gtin>03670033580013</gtin><quantity>60</quantity><serialNumberType>OPERATOR</serialNumberType><templateId>1</templateId></product><product><gtin>04670033580020</gtin><quantity>120</quantity><serialNumberType>OPERATOR</serialNumberType><templateId>1</templateId></product><product><gtin>04670033580037</gtin><quantity>150</quantity><serialNumberType>OPERATOR</serialNumberType><templateId>1</templateId></product><product><gtin>04670033580044</gtin><quantity>300</quantity><serialNumberType>OPERATOR</serialNumberType><templateId>1</templateId></product></products></shoes></order>